{"cameraMode":{"drawMode":0,"name":"Shaded","section":"Shading Mode"},"sceneLighting":true,"audioPlay":false,"sceneViewState":{"showFog":true,"showMaterialUpdate":true,"showSkybox":true,"showFlares":true,"showImageEffects":true,"showParticleSystems":true},"in2DMode":false,"pivot":{"x":-0.18382707238197328,"y":-0.11903367191553116,"z":5.066339015960693},"rotation":{"x":-0.1755211502313614,"y":0.5294681787490845,"z":-0.11302334070205689,"w":-0.8222427368164063},"size":0.9571582674980164,"orthographic":false}