{"cameraMode":{"drawMode":0,"name":"Shaded","section":"Shading Mode"},"sceneLighting":true,"audioPlay":false,"sceneViewState":{"showFog":true,"showMaterialUpdate":true,"showSkybox":true,"showFlares":true,"showImageEffects":true,"showParticleSystems":true},"in2DMode":false,"pivot":{"x":0.018273301422595979,"y":-0.0848999172449112,"z":4.988861083984375},"rotation":{"x":-0.013411740772426129,"y":0.9861565232276917,"z":-0.10124687105417252,"w":-0.1306319683790207},"size":0.35715824365615847,"orthographic":false}